id;jhi_key;value;digest;last_updated_on
1;connect Synergistic withdrawal;Frozen Specialist;Tonga;17215
2;transmitter withdrawal;Hat Grocery;USB;10476
3;Pennsylvania ivory Gorgeous;neural;Gambia deposit core;60096
4;Generic Wooden Chips Proactive;Avon;purple;90178
5;Cloned Licensed Wooden Computer cyan;compress functionalities;SMTP;7710
6;Associate;copying;Bike Plastic cyan;22977
7;deposit redundant;infomediaries;payment Dynamic;72401
8;Practical red backing up;RSS target;Universal;18283
9;haptic intangible Checking Account;Cheese Bike;grey;46939
10;empowering;Direct Consultant;SMTP;3395
